cement,slag,flyash,water,superplasticizer,coarseaggregate,fineaggregate,age,csMPa
586.4,1.9,6.8,175.2,3.2,1123.7,763.0,41.6,79.99
364.6,153.2,12.9,244.3,1.7,1016.4,685.9,368.5,41.05
236.8,143.1,11.8,206.8,0.6,1084.5,904.6,372.3,44.3
317.4,141.4,4.3,245.3,0.0,1028.0,751.6,105.2,47.03
427.5,114.9,-5.4,245.3,-0.5,1040.3,685.4,368.0,43.7
397.7,98.3,10.7,244.7,0.2,1034.1,675.4,30.9,36.45
512.9,10.6,0.1,247.8,-0.4,1028.7,680.8,33.2,39.29
224.9,149.0,-0.7,208.2,1.1,1075.8,908.6,94.3,38.07
225.5,140.4,12.9,211.5,1.1,1071.3,913.5,16.1,28.02
459.7,54.7,-0.4,249.6,0.1,1029.9,673.8,268.7,43.01
219.4,198.2,14.5,246.4,1.0,1028.7,749.7,96.3,42.33
423.2,15.4,7.6,244.3,0.3,1035.7,752.3,96.4,52.91
175.5,209.70000000000002,7.5,207.5,0.6,1142.9,873.3,96.2,39.36
371.2,42.9,7.4,244.6,0.9,1035.6,740.2,367.7,56.14
412.6,106.9,-5.1,247.6,0.4,1036.3,682.4,82.0,40.56
506.4,10.5,-6.0,246.5,0.9,1030.6,682.8,185.3,42.62
471.1,57.4,6.8,248.1,-0.4,1019.0,674.8,185.9,41.84
165.4,213.9,9.1,211.8,0.7,1142.9,876.5,27.0,28.24
170.79999999999998,225.8,6.0,210.4,0.6,1129.4,894.0,9.8,8.06
158.6,236.0,0.2,211.2,-0.6,1134.8,884.9,186.2,44.21
381.2,11.4,5.6,250.1,-0.4,1034.9,737.8,366.2,52.52
414.8,6.1,4.9,249.2,-0.5,1033.0,752.3,273.8,53.3
417.0,109.4,-0.7,245.5,0.9,1029.2,678.6,279.8,41.15
447.7,50.5,12.0,248.3,0.7,1026.8,678.4,34.4,37.43
526.7,1.2,-5.7,247.4,0.8,1023.4,668.8,5.8,38.6
211.29999999999998,140.5,9.3,212.6,-0.2,1071.6,898.6,194.3,41.72
503.4,-15.0,7.9,247.6,1.3,1036.7,660.7,281.8,42.13
263.5,235.1,12.0,244.1,1.2,1032.9,683.6,269.5,38.41
281.5,242.2,-1.0,242.7,0.2,1018.5,673.0,28.1,30.08
375.8,138.3,6.1,247.4,1.3,1030.7,684.0,90.7,37.72
504.6,-1.3,19.5,250.2,0.5,1030.3,669.2,98.2,42.23
269.4,241.4,9.7,244.5,-0.4,1042.0,685.2,188.8,36.25
360.6,31.3,6.1,245.7,-0.3,1015.5,732.5,98.2,50.46
434.7,51.7,8.9,243.9,1.1,1023.1,672.6,374.0,43.7
261.8,240.5,6.0,248.7,0.6,1036.7,664.7,361.6,39.0
409.6,8.0,19.6,241.2,1.2,1020.5,742.4,181.1,53.1
468.3,65.5,11.8,241.3,0.6,1047.7,660.5,82.8,41.54
389.5,9.3,4.9,210.9,0.8,1135.0,879.0,12.8,15.05
403.9,103.0,7.1,246.0,1.9,1029.4,686.8,190.9,40.76
262.3,246.2,2.9,245.1,1.5,1033.5,666.7,18.4,26.26
397.0,104.8,13.3,245.5,0.4,1036.0,680.1,9.1,32.82
345.6,141.3,-3.6,247.3,0.9,1034.7,655.5,186.6,39.78
200.1,196.8,-4.9,245.3,0.9,1025.6,767.1,187.0,46.93
285.8,248.0,14.9,243.8,1.1,1036.3,671.2,104.0,33.12
326.6,71.7,19.3,244.2,0.7,1023.3,754.7,82.8,49.19
498.3,15.4,8.5,248.0,0.3,1025.0,681.4,374.2,41.93
213.4,149.70000000000002,6.2,209.0,0.6,1079.1,898.2,5.5,9.13
340.1,78.2,9.7,243.2,0.3,1040.9,750.8,182.4,50.95
343.5,148.1,1.3,246.4,1.6,1027.4,669.1,36.5,33.02
291.7,114.0,6.6,247.2,1.4,1022.3,741.8,277.2,51.73
328.6,13.9,5.7,213.0,0.5,1077.6,915.4,2.3,9.87
222.0,188.4,9.5,246.6,0.9,1019.3,746.5,277.8,50.66
288.6,119.8,-4.6,244.7,0.5,1043.5,753.4,187.1,48.7
155.2,209.6,2.2,211.2,1.3,1136.5,891.8,374.8,44.7
360.1,150.7,10.9,247.7,1.3,1034.2,673.2,13.1,30.28
222.4,181.9,1.1,246.1,1.0,1036.4,750.7,37.4,40.86
513.6,19.5,-1.0,164.0,1.2,1223.3,879.8,23.4,71.99
405.1,188.5,18.6,188.79999999999998,11.1,1025.0,828.0,4.8,34.4
334.6,270.5,5.7,193.5,9.9,1144.5,676.5999999999999,1.6,28.8
449.1,112.2,1.7,172.2,17.4,936.4,959.9,7.3,33.4
445.9,107.3,-5.5,167.4,19.3,1027.1,868.0,18.1,36.3
399.2,93.7,10.2,142.29999999999998,23.7,954.9,1076.6,-3.0999999999999996,29.0
488.4,133.2,10.0,154.10000000000002,31.900000000000002,954.4,938.0,5.7,40.2
398.5,100.19999999999999,3.5,177.4,12.7,941.2,1011.2,7.3,28.1
561.0999999999999,10.2,-1.7,160.5,28.4,952.0,968.7,4.5,41.3
448.7,107.0,5.3,173.9,17.2,951.2,964.6,16.2,33.4
329.7,214.6,0.1,173.39999999999998,15.600000000000001,962.9,967.1,14.5,25.2
434.6,106.60000000000001,-0.6,163.1,12.1,1040.7,924.5,13.8,41.1
381.0,205.0,4.8,185.5,12.0,1037.8,834.1999999999999,5.7,35.3
352.2,289.0,-1.3,201.9,10.4,1032.7,719.6,6.9,28.3
398.20000000000005,184.2,7.0,185.8,11.4,1034.1000000000001,824.0999999999999,10.8,35.3
315.6,226.3,9.4,164.1,12.6,1104.7,876.4000000000001,8.5,24.4
402.5,189.2,0.0,187.70000000000002,11.2,1036.4,838.3,2.5,35.3
454.0,171.2,-3.4,203.7,11.2,990.4,779.0,12.2,39.3
422.0,219.7,15.5,166.0,21.3,1037.0,838.0999999999999,-5.5,40.6
383.40000000000003,193.2,-0.6,184.9,12.0,1053.8,834.5999999999999,14.2,35.3
356.7,183.9,1.2,191.9,9.9,1045.1000000000001,848.1999999999999,18.3,24.1
395.9,190.89999999999998,6.8,187.9,10.5,1025.3,825.3000000000001,13.8,46.2
338.0,273.2,9.3,190.5,9.2,1135.1000000000001,672.6999999999999,17.0,42.8
453.5,115.8,3.8,168.3,16.6,951.8000000000001,944.6,11.4,49.2
440.7,106.6,8.4,169.8,18.700000000000003,1033.5,879.8000000000001,5.2,46.8
512.4,142.7,2.9,200.9,10.6,954.2,868.2,19.9,55.6
501.8,120.4,-0.8,157.3,32.6,945.3000000000001,919.3,6.1,54.9
436.9,103.6,14.7,172.4,17.7,938.0,969.8000000000001,25.3,49.2
574.8,16.3,21.5,161.8,28.3,951.4,970.6,9.4,46.9
366.6,232.0,16.4,172.6,15.9,950.4,959.6,12.0,33.4
442.1,95.3,6.4,165.0,12.9,1045.8999999999999,917.2,11.6,54.1
388.70000000000005,184.4,17.3,184.6,12.4,1049.7,848.8,14.1,55.9
340.4,299.7,7.7,202.9,10.3,1032.6000000000001,741.1,8.0,49.8
401.6,178.7,2.4,182.6,12.299999999999999,1023.4000000000001,822.4,9.6,55.9
310.0,197.8,8.5,165.7,11.899999999999999,1105.5,865.1,19.1,38.0
403.3,205.3,4.8,180.3,12.4,1045.0,837.4,2.7,55.9
469.1,184.3,-0.9,203.0,11.1,978.4,784.3,7.4,56.1
428.09999999999997,194.4,-0.3,163.4,21.7,1043.2,830.8,6.1,59.09
394.3,199.9,10.6,184.8,12.299999999999999,1033.7,844.6999999999999,10.9,22.9
373.2,195.4,-6.5,193.0,10.1,1025.5,828.5,12.0,35.1
402.0,185.5,9.4,185.5,10.7,1010.1,827.1,31.3,61.09
359.90000000000003,281.2,-5.1,194.7,9.799999999999999,1144.4,695.0,34.4,59.8
454.3,125.8,-8.2,174.0,16.3,960.0,969.3000000000001,38.5,60.29
457.1,115.89999999999999,-6.4,171.1,19.8,1030.1,870.6,37.5,61.8
422.6,102.0,18.1,146.1,23.599999999999998,955.6,1076.3,31.5,56.7
488.8,147.2,4.2,195.2,9.3,944.7,874.7,34.0,68.3
439.6,111.6,6.0,169.7,16.6,948.8000000000001,961.7,27.2,60.29
426.70000000000005,102.6,14.6,177.1,12.799999999999999,955.5,998.1,40.8,50.7
547.0,11.0,11.5,159.8,27.7,950.3000000000001,965.1,33.7,56.4
473.3,127.1,-3.5,172.8,16.8,945.1,971.3000000000001,17.5,60.29
342.40000000000003,234.3,11.1,171.1,14.600000000000001,942.5,964.9,30.4,55.5
421.90000000000003,100.2,6.6,165.4,12.8,1043.3,920.4,27.0,68.5
410.70000000000005,199.5,3.3,180.1,12.299999999999999,1051.1000000000001,842.3,38.7,71.3
367.09999999999997,278.40000000000003,5.6,197.8,11.3,1027.7,747.6,28.9,74.7
427.0,156.2,13.7,172.70000000000002,16.5,1238.2,684.7,28.4,52.2
400.0,189.4,-0.3,184.8,11.6,1044.1000000000001,815.4,29.5,71.3
305.2,199.8,8.0,163.39999999999998,12.399999999999999,1094.2,887.4000000000001,21.7,67.7
410.5,211.6,5.4,183.0,11.7,1041.7,819.9,23.5,71.3
464.1,177.8,-6.1,200.8,11.4,980.5,791.1999999999999,35.9,66.0
426.2,192.1,0.3,166.20000000000002,22.7,1034.5,841.3,27.6,74.5
400.40000000000003,200.0,6.7,182.9,12.799999999999999,1037.7,840.9,39.8,71.3
364.2,208.2,13.8,197.20000000000002,10.0,1032.1000000000001,811.9,26.1,49.9
408.4,201.2,11.9,190.29999999999998,11.6,1007.2,828.1,61.0,63.4
350.90000000000003,294.3,9.3,189.3,8.9,1145.3000000000002,695.0999999999999,58.5,64.9
406.9,100.89999999999999,0.2,146.4,24.4,957.4,1069.3,53.5,60.2
441.4,116.39999999999999,17.1,168.6,17.1,962.0,952.0,61.5,64.3
419.70000000000005,107.3,6.8,174.4,13.7,940.6,999.5,56.6,55.2
573.0999999999999,20.4,-1.0,159.4,29.0,966.0,971.0,60.6,58.8
445.7,118.6,4.3,171.4,16.0,961.1,950.5,63.3,64.3
345.2,219.2,11.2,174.7,15.600000000000001,960.3000000000001,971.6,55.1,66.1
425.2,94.10000000000001,5.5,163.3,12.0,1037.8999999999999,936.0,75.8,73.7
409.90000000000003,198.9,11.2,180.6,11.9,1037.5,834.3,57.0,77.3
358.7,302.90000000000003,12.6,203.20000000000002,11.700000000000001,1024.8,731.3,65.4,80.2
411.7,155.39999999999998,8.0,172.0,16.3,1233.0,679.8,60.1,54.9
382.5,201.4,-0.1,183.4,12.6,1038.8,827.8,61.1,77.3
319.90000000000003,210.8,6.3,158.1,11.399999999999999,1103.0,873.0,61.7,72.99
383.5,204.4,5.7,182.70000000000002,11.7,1035.4,834.3,56.2,77.3
467.3,177.7,17.4,202.2,12.799999999999999,987.3,794.1999999999999,60.3,71.7
411.2,217.5,-5.0,162.1,22.2,1044.5,831.5999999999999,60.7,79.4
397.6,185.5,4.6,185.0,11.9,1033.0,829.8,61.6,77.3
371.9,193.5,1.7,190.70000000000002,9.1,1041.5,834.5999999999999,58.2,59.89
399.8,205.29999999999998,7.6,185.9,11.7,1025.5,840.4000000000001,95.4,64.9
345.40000000000003,272.59999999999997,-10.3,192.9,9.5,1159.7,684.9,87.7,66.6
441.5,121.39999999999999,12.6,172.6,17.3,950.0,953.2,93.8,65.2
437.3,109.7,5.5,167.6,19.8,1025.9,888.7,91.9,66.7
407.5,100.89999999999999,-6.4,147.4,23.2,946.8000000000001,1058.9,95.8,62.5
504.7,126.7,3.1,202.29999999999998,9.200000000000001,949.0,863.2,97.9,74.19
503.6,138.8,9.4,154.10000000000002,32.800000000000004,948.2,917.0,95.7,70.7
477.9,120.2,-4.8,171.1,16.2,935.0,957.1,106.5,65.2
426.40000000000003,111.89999999999999,5.5,174.4,13.5,946.7,1014.3000000000001,87.2,57.6
549.6999999999999,2.0,-1.4,156.3,28.8,943.9,979.1,102.9,59.2
464.6,122.6,1.9,172.3,16.9,947.3000000000001,969.1,98.6,65.2
333.0,222.3,5.6,175.39999999999998,15.100000000000001,965.8000000000001,961.3,95.6,68.1
424.90000000000003,114.7,6.6,169.8,11.6,1037.5,933.3000000000001,83.9,75.5
406.7,176.79999999999998,2.4,170.1,16.6,1242.7,674.3,98.4,56.5
408.5,194.1,7.2,185.9,14.3,1050.9,828.5999999999999,93.3,79.3
306.40000000000003,205.1,10.7,165.7,12.2,1107.1,867.7,97.0,76.8
381.90000000000003,189.1,3.7,183.5,13.2,1041.9,835.5,86.8,79.3
465.9,183.5,14.7,205.4,11.5,987.1999999999999,796.8,92.0,73.3
410.9,193.4,14.9,165.9,22.2,1038.4,830.0,94.9,82.6
402.3,199.9,2.7,187.3,12.4,1037.6000000000001,835.0,104.1,79.3
354.5,195.5,1.3,194.1,9.3,1036.1000000000001,828.8,93.0,67.8
238.3,4.6,91.4,207.3,3.8,1066.4,943.8,-4.2,11.58
245.8,17.2,101.3,205.60000000000002,5.6,1062.6,944.9,20.3,24.45
245.1,-0.5,99.8,208.10000000000002,5.5,1062.4,935.6999999999999,41.8,24.89
270.5,11.6,107.2,209.60000000000002,5.6,1075.3,956.9,58.7,29.45
260.3,4.2,92.4,208.0,5.1,1058.8,947.5999999999999,100.0,40.71
262.6,14.2,98.3,214.4,6.3999999999999995,1049.9,937.4000000000001,9.6,10.38
248.9,20.0,106.3,216.20000000000002,5.199999999999999,1040.1,932.0,23.9,22.84
270.6,5.1,95.3,215.8,4.8999999999999995,1031.8,923.0,105.5,34.56
212.2,11.7,101.0,184.29999999999998,6.3,1092.5,980.6,6.6,12.45
206.5,9.4,96.6,180.2,8.1,1099.8,970.3,17.0,24.99
235.1,0.7,122.9,184.9,8.6,1108.5,989.6,59.3,33.96
225.89999999999998,9.9,101.1,185.0,8.1,1108.6,984.3,100.4,37.34
228.29999999999998,10.3,122.5,181.2,9.1,1185.3,874.9,4.4,15.04
222.0,11.4,125.7,180.2,9.8,1192.0,869.1,28.0,26.4
227.6,6.0,125.9,176.4,8.3,1187.8,876.6,106.2,40.57
233.2,8.6,125.3,198.4,7.1,1152.6999999999998,847.5999999999999,8.0,12.47
229.2,-2.4,132.4,200.70000000000002,5.4,1161.3999999999999,857.6999999999999,15.6,20.92
247.2,4.6,125.1,196.60000000000002,6.9,1164.0,848.0999999999999,35.8,24.9
231.6,12.7,121.1,194.20000000000002,6.4,1162.6999999999998,873.3,63.5,34.2
232.79999999999998,15.7,117.69999999999999,195.10000000000002,6.2,1152.3999999999999,864.5999999999999,115.5,39.61
253.2,4.0,123.89999999999999,214.3,5.1,1131.0,832.9,13.1,10.03
258.1,8.7,124.0,214.4,5.1,1110.0,823.9,18.5,20.08
254.2,9.8,133.6,215.5,5.0,1128.1000000000001,835.0,26.1,24.48
243.5,9.6,124.39999999999999,213.5,5.3999999999999995,1129.4,820.0,62.2,31.54
251.2,12.5,123.1,210.4,5.1,1127.8000000000002,844.5,97.2,35.34
195.0,-8.3,123.9,178.3,9.8,1183.5,886.3000000000001,36.7,28.47
224.8,7.3,128.7,181.8,10.8,1195.3999999999999,891.7,58.6,38.56
201.5,9.9,127.8,180.3,10.200000000000001,1184.6,875.4,112.1,40.39
182.5,-1.1,166.4,196.0,5.8,1154.6999999999998,864.0,0.8999999999999999,10.76
194.6,22.6,162.60000000000002,195.6,5.1,1153.8999999999999,868.6,18.3,25.48
186.29999999999998,9.2,172.20000000000002,194.2,5.2,1163.8,853.9,33.9,21.54
210.2,21.6,167.8,194.3,3.9,1153.5,851.5,56.7,28.63
180.5,0.8,167.5,198.6,4.4,1149.3,868.4,113.2,33.54
198.7,41.9,158.20000000000002,140.8,6.9,1155.0,858.6,25.0,7.75
195.5,51.900000000000006,172.4,139.7,5.9,1169.2,860.9,25.0,17.82
183.7,35.1,172.4,140.9,6.0,1153.5,856.7,27.6,24.24
201.4,51.8,163.8,140.4,6.2,1160.7,847.3000000000001,53.8,32.85
194.1,50.7,175.60000000000002,135.3,7.1,1153.7,866.4,102.7,39.23
249.7,114.8,21.2,201.2,7.800000000000001,1160.8,846.3,6.6,18.0
250.29999999999998,112.1,29.8,203.7,8.3,1158.6,870.8,57.7,50.77
264.3,102.19999999999999,28.2,198.2,7.4,1153.5,860.5,96.3,53.9
255.70000000000002,96.19999999999999,21.5,203.0,7.5,1162.3,861.3,10.8,13.18
237.9,121.0,31.2,199.29999999999998,6.6000000000000005,1168.8,858.5,15.6,17.84
239.20000000000002,98.89999999999999,40.9,200.5,8.0,1175.4,867.1,34.5,40.23
253.20000000000002,96.6,30.4,202.1,7.4,1166.6,866.1,75.7,47.13
248.60000000000002,96.3,27.0,198.29999999999998,7.4,1156.8,875.9,93.0,49.97
264.3,17.6,126.5,216.0,6.8999999999999995,1131.1,833.4,18.2,22.32
240.7,3.2,124.3,210.7,7.6,1128.8,833.4,32.9,24.54
257.4,1.1,123.8,211.5,6.6,1136.1999999999998,832.0,60.6,31.35
249.89999999999998,9.0,120.9,212.1,7.699999999999999,1141.5,835.8000000000001,104.2,40.86
269.0,5.9,108.69999999999999,206.29999999999998,7.1,1056.5,920.7,9.0,19.93
265.0,1.8,102.5,204.1,7.9,1044.0,933.7,11.5,25.69
275.6,14.4,96.1,201.6,8.8,1045.8,935.4,32.5,30.23
269.4,17.2,98.89999999999999,204.39999999999998,7.3,1056.1,908.7,101.4,44.3
286.2,16.5,96.4,203.9,6.3,1050.1,928.1,11.8,24.92
235.6,14.5,101.9,179.0,9.899999999999999,1103.8999999999999,972.7,5.4,13.54
230.5,11.3,101.7,176.70000000000002,9.2,1109.8999999999999,986.3000000000001,21.2,31.64
236.1,-7.9,98.5,177.60000000000002,8.399999999999999,1113.3,973.7,44.5,42.55
240.3,22.5,110.9,176.60000000000002,8.7,1106.7,985.4,105.8,42.92
244.5,10.4,104.0,178.5,11.4,1078.5,992.1999999999999,4.6,13.33
264.2,13.1,109.4,177.1,11.6,1103.6,987.4,19.9,25.37
240.1,17.6,101.5,178.20000000000002,11.5,1098.5,972.5999999999999,65.2,44.4
230.5,20.4,105.5,172.0,11.700000000000001,1093.3999999999999,971.4,113.0,47.74
236.3,11.5,125.7,177.3,8.5,1182.8000000000002,855.2,22.9,31.35
235.1,11.6,134.9,178.0,8.6,1191.3000000000002,880.8,36.8,38.5
245.0,2.5,128.7,176.7,7.5,1173.8000000000002,866.6,104.5,47.82
243.60000000000002,8.1,122.3,193.6,7.5,1165.9,856.2,15.9,15.44
260.40000000000003,0.2,116.5,193.7,7.7,1161.2,857.7,13.4,26.77
261.40000000000003,1.4,128.79999999999998,194.9,7.0,1160.8000000000002,845.2,30.1,33.73
262.2,-0.1,122.5,192.4,7.7,1147.2,863.5,52.4,42.7
253.5,6.4,127.0,188.0,6.2,1151.6000000000001,847.4,106.8,45.84
276.8,17.0,120.6,201.7,6.9,1122.6000000000001,830.2,4.3,17.22
264.4,35.8,129.9,203.2,6.6,1125.6000000000001,825.4000000000001,21.0,29.93
274.2,9.4,127.3,206.6,7.699999999999999,1125.1000000000001,835.4000000000001,34.4,29.65
273.7,-4.1,126.6,206.3,7.3,1123.1000000000001,829.6,73.2,36.97
283.7,18.9,119.8,207.2,7.3,1124.2,853.4000000000001,98.9,43.58
267.2,5.1,126.8,205.3,7.5,1123.9,829.8000000000001,8.3,13.12
287.5,1.9,134.8,205.1,7.4,1127.7,836.5,17.7,24.43
295.0,9.6,118.39999999999999,207.8,6.300000000000001,1112.7,832.7,41.0,32.66
257.7,-3.2,124.89999999999999,208.0,6.800000000000001,1129.4,842.2,59.0,36.64
283.8,9.7,113.1,206.1,8.1,1138.8000000000002,835.0,96.6,44.21
216.4,7.0,181.5,187.7,7.3999999999999995,1161.1,843.3,-2.5999999999999996,13.62
202.70000000000002,8.6,169.9,188.6,8.0,1145.3999999999999,856.6999999999999,18.8,21.6
205.20000000000002,11.1,177.5,188.79999999999998,7.3999999999999995,1160.8999999999999,858.6999999999999,40.4,27.77
207.9,8.4,161.3,185.29999999999998,9.1,1170.6,844.6999999999999,59.7,35.57
206.20000000000002,7.9,184.1,186.2,7.8999999999999995,1150.8999999999999,846.6999999999999,109.5,45.37
206.7,55.5,125.2,185.7,9.799999999999999,1162.2,852.7,7.1,7.32
192.4,56.6,131.0,187.29999999999998,8.6,1174.5,860.1,14.0,21.5
222.0,43.900000000000006,128.4,190.1,8.5,1164.6000000000001,855.1,40.2,31.27
221.2,40.300000000000004,125.8,189.5,9.6,1168.6000000000001,839.7,46.9,43.5
201.4,52.400000000000006,138.3,186.0,9.399999999999999,1148.1000000000001,851.8000000000001,101.3,48.67
181.5,37.300000000000004,119.1,177.5,9.8,1179.8,882.7,19.6,23.51
202.3,50.7,131.7,176.60000000000002,11.700000000000001,1181.0,878.7,26.6,31.12
190.8,58.300000000000004,135.6,175.4,11.8,1182.3999999999999,878.8000000000001,62.5,39.15
319.79999999999995,13.1,101.5,183.2,10.200000000000001,1064.5,941.9,24.4,34.67
315.0,-1.5,100.9,185.9,9.6,1059.6000000000001,959.9,31.6,34.74
325.59999999999997,0.2,100.7,187.7,10.0,1048.2,941.8,58.6,45.08
325.59999999999997,10.7,93.7,181.6,9.8,1066.7,940.4,102.1,48.97
297.40000000000003,4.2,103.10000000000001,177.9,12.600000000000001,1074.0,949.1,3.5,23.14
290.6,5.0,106.2,183.6,12.3,1061.9,949.7,17.9,41.89
288.5,13.0,103.30000000000001,180.2,12.100000000000001,1077.0,959.3000000000001,30.0,48.28
311.40000000000003,-0.9,101.10000000000001,179.29999999999998,12.5,1075.4,936.0,59.3,51.04
311.2,4.2,97.89999999999999,188.1,10.0,1056.5,926.9000000000001,23.7,22.95
318.3,0.7,99.3,188.2,9.700000000000001,1050.0,947.9000000000001,99.5,52.04
273.5,-1.4,113.5,164.1,12.700000000000001,1115.9,970.8,9.0,21.02
279.2,0.2,91.9,167.7,13.200000000000001,1107.6,968.0,61.4,44.14
259.5,13.8,105.60000000000001,165.2,13.700000000000001,1097.0,975.8,117.0,45.37
279.0,8.2,102.1,174.4,14.4,1073.0,960.2,1.5,15.36
282.5,0.0,113.6,178.79999999999998,14.200000000000001,1079.0,968.7,18.3,28.68
278.0,5.7,104.6,175.6,13.8,1066.5,956.6,28.2,30.85
273.8,-6.7,113.8,179.9,12.8,1083.0,978.5,62.1,42.03
278.1,1.3,90.6,175.0,12.600000000000001,1086.0,955.7,110.8,51.06
284.40000000000003,26.8,107.2,162.3,14.7,1075.6,965.6,3.0,21.78
251.20000000000002,7.0,106.1,164.8,14.0,1080.7,966.8,17.2,42.29
300.7,14.2,113.2,166.5,14.399999999999999,1097.1,968.3,37.8,50.6
284.3,7.2,93.7,166.70000000000002,14.7,1085.8,965.8,60.6,55.83
273.40000000000003,10.8,103.3,164.8,14.5,1096.8999999999999,966.3,104.9,60.95
270.6,13.6,131.0,159.3,12.4,1182.5,877.6,2.7,23.52
279.90000000000003,-2.0,127.39999999999999,160.4,11.8,1182.6,888.8,27.9,42.22
273.5,7.5,138.4,157.10000000000002,12.8,1166.8999999999999,877.1999999999999,57.9,60.32
253.5,21.7,128.4,159.5,13.2,1189.6,886.0,102.8,66.42
324.6,0.8,140.0,177.3,10.200000000000001,1159.3,848.9,5.7,23.8
301.90000000000003,2.8,133.70000000000002,178.5,11.0,1148.1,854.8,24.6,38.77
313.70000000000005,5.1,133.0,176.9,12.100000000000001,1148.3999999999999,853.8,39.8,51.33
295.8,10.1,130.5,177.5,10.5,1157.1,862.9,59.4,56.85
319.1,12.4,120.0,176.8,10.9,1145.1,850.1,104.6,58.61
328.09999999999997,19.0,120.2,194.5,10.2,1113.8999999999999,825.2,10.7,21.91
331.5,12.2,126.6,191.0,10.7,1122.3999999999999,829.6,19.8,36.99
314.2,7.2,127.3,194.70000000000002,9.1,1115.3,830.6,37.4,47.4
337.8,18.9,131.4,197.10000000000002,9.5,1124.7,813.8,111.4,56.74
248.89999999999998,14.0,177.1,174.0,10.899999999999999,1143.5,846.8,3.6,17.57
255.29999999999998,-5.4,174.6,171.8,11.399999999999999,1162.4,862.6999999999999,17.2,33.73
235.1,30.1,185.7,171.8,10.899999999999999,1155.8,851.6999999999999,32.3,40.15
236.6,23.4,174.89999999999998,175.5,9.799999999999999,1151.2,851.8,57.5,46.64
265.7,6.3,185.79999999999998,170.5,10.299999999999999,1143.9,858.3,90.7,50.08
230.3,11.1,187.39999999999998,170.7,11.899999999999999,1141.3,857.2,2.6,17.37
240.0,19.5,182.6,170.2,12.6,1142.5,866.9,13.6,33.7
253.3,6.3,177.29999999999998,170.0,11.899999999999999,1138.3,857.9,34.1,45.94
242.5,14.2,179.89999999999998,170.5,11.899999999999999,1159.8999999999999,849.2,107.3,59.3
311.2,115.3,33.8,180.5,12.5,1161.5,860.3,9.4,30.45
301.0,96.6,30.0,181.2,12.6,1167.2,866.1,20.3,47.71
309.0,100.3,44.1,177.29999999999998,11.6,1172.4,867.6,54.9,66.82
232.5,70.5,122.89999999999999,159.4,12.8,1183.0,862.7,9.5,35.96
263.5,66.4,122.8,160.60000000000002,11.4,1176.4,875.5,37.5,55.51
244.89999999999998,70.5,123.0,159.20000000000002,12.700000000000001,1169.7,884.4000000000001,51.4,61.99
239.0,61.2,125.5,156.9,13.200000000000001,1178.7,868.6,116.7,63.53
249.8,59.0,113.30000000000001,170.6,10.5,1113.1,858.0,20.4,38.6
238.0,43.9,123.30000000000001,175.9,10.299999999999999,1109.3999999999999,850.4,61.3,53.96
228.9,51.5,123.10000000000001,174.79999999999998,10.0,1107.5,849.3000000000001,107.0,56.63
232.70000000000002,8.2,130.1,177.9,11.5,1184.3,872.3,4.7,15.34
254.10000000000002,15.1,132.29999999999998,174.3,11.8,1187.4,878.6,23.0,26.05
245.20000000000002,12.5,121.6,177.1,11.0,1173.7,869.8,31.8,30.22
245.4,6.6,135.4,178.0,12.9,1172.5,881.1999999999999,55.4,37.27
258.1,5.4,141.2,177.3,12.3,1181.3,879.6,107.3,46.23
392.1,9.7,4.1,231.1,0.6,1095.7,836.6999999999999,24.4,16.28
396.3,8.5,15.6,234.9,0.3,1105.4,845.6,11.7,25.62
399.9,20.2,6.7,229.5,0.6,1114.2,838.6999999999999,31.2,31.97
404.9,9.1,18.3,234.7,1.1,1097.4,840.5,68.8,36.3
403.5,-5.3,12.7,235.1,1.2,1100.9,848.4,101.5,43.06
524.9,-3.5,-4.6,161.5,4.1,1078.7,950.1,41.0,67.57
342.3,158.2,5.6,162.4,6.0,1224.3,811.0,39.3,81.75
477.8,-2.6,12.3,181.0,13.200000000000001,1128.3,819.6,32.7,78.8
540.4,14.5,5.7,189.8,6.5,944.9,941.7,31.5,60.28
539.4,5.4,5.2,191.6,6.300000000000001,961.7,880.3,38.4,51.02
415.8,6.3,149.6,176.2,20.5,989.5,841.8,27.8,55.55
518.7,6.6,0.9,217.5,4.2,1244.3000000000002,704.0,37.3,44.13
465.90000000000003,68.6,5.6,216.2,2.9,1226.0,690.0,41.2,39.38
421.7,23.299999999999997,165.5,185.8,22.3,1063.8,716.7,40.2,55.65
359.3,25.0,166.3,182.2,18.5,1085.0,726.8,38.8,47.28
385.5,11.900000000000002,163.3,208.4,16.400000000000002,1050.0,697.7,26.5,44.33
425.6,9.6,10.5,191.1,1.0,1219.1,768.2,36.8,52.3
237.8,212.5,8.2,204.4,0.6,1241.0,742.9,32.1,49.25
551.8,9.9,0.2,180.0,8.8,902.1,880.9,26.0,41.37
160.5,136.1,117.3,203.1,7.1,935.6,950.8,31.7,29.16
196.0,136.3,122.4,201.4,7.6000000000000005,929.1,973.1,23.7,39.4
265.5,190.4,100.5,178.9,9.1,956.8,878.3,31.5,67.87
475.1,22.3,4.4,175.1,9.1,1146.0,731.2,31.8,58.52
309.3,174.1,120.1,178.0,10.5,924.0,852.9,35.9,76.24
509.6,3.7,1.6,169.4,9.1,1123.6,739.8,39.2,69.84
197.7,148.9,127.69999999999999,196.5,8.1,1100.3,819.4,-1.0999999999999996,19.42
193.20000000000002,29.6,180.6,176.60000000000002,4.8999999999999995,1109.5,939.0,-0.6000000000000001,21.29
218.8,63.900000000000006,178.7,187.0,6.9,1108.1000000000001,877.2,-5.1,23.08
206.1,90.5,164.3,181.0,9.3,1104.3999999999999,851.2,12.8,15.52
213.5,10.7,130.8,185.29999999999998,11.4,1178.7,877.3,3.3,12.55
270.7,22.2,109.8,207.60000000000002,5.8999999999999995,1058.6,920.2,4.1,8.49
209.89999999999998,11.1,101.2,187.5,9.1,1081.2,976.5,7.3,12.18
188.3,9.9,157.5,180.4,0.6,1093.0,977.8,18.6,16.88
203.0,139.0,122.0,196.70000000000002,4.0,1104.3999999999999,819.4,22.8,34.24
196.5,23.1,179.1,174.10000000000002,4.8,1108.8999999999999,930.8,5.199999999999999,29.75
203.4,91.0,166.0,190.4,10.899999999999999,1102.7,829.6,17.4,29.55
224.3,14.6,139.7,184.79999999999998,9.6,1183.2,872.1999999999999,11.0,19.42
281.6,6.6,102.2,211.10000000000002,5.8,1022.6999999999999,920.8000000000001,29.0,24.66
233.4,23.9,172.29999999999998,177.6,12.5,1122.6999999999998,844.1,21.9,29.59
207.6,7.1,97.5,187.6,8.3,1090.8,974.8,20.8,24.28
293.6,11.5,113.89999999999999,209.9,6.2,1161.5,830.3,32.0,20.73
185.7,10.0,138.0,181.3,0.9,1102.8,968.3,31.7,26.2
186.1,130.8,137.9,192.29999999999998,8.9,1085.5,821.4,38.1,46.39
200.5,146.3,117.89999999999999,199.1,3.9,1101.7,817.0,23.5,39.16
176.0,154.5,133.5,195.5,9.7,1108.3,830.2,33.8,41.2
195.3,21.2,173.3,177.70000000000002,5.0,1111.0,932.1,46.6,33.69
196.4,55.2,174.0,181.20000000000002,6.9,1107.0,875.3,35.7,38.2
201.4,80.0,169.4,183.1,8.200000000000001,1102.6,849.7,27.9,41.41
285.2,-8.9,105.7,207.0,6.5,1051.4,924.1,26.5,27.22
241.5,6.2,185.6,178.1,12.399999999999999,1149.6999999999998,848.9,22.9,44.64
232.39999999999998,10.0,108.3,190.7,9.7,1090.9,992.6999999999999,35.3,37.27
282.9,17.1,117.39999999999999,210.70000000000002,6.2,1139.8,818.5,37.9,33.27
192.8,16.3,153.2,184.20000000000002,-0.1,1101.7,985.9,61.4,36.56
194.6,132.6,142.0,190.79999999999998,8.7,1089.7,824.7,55.6,53.72
203.9,135.10000000000002,125.8,196.1,4.3,1094.7,811.9,62.1,48.59
191.20000000000002,147.6,130.2,193.3,7.2,1085.3999999999999,828.6,56.3,51.72
197.5,19.8,182.4,177.10000000000002,4.5,1104.1,941.9,68.1,35.85
189.6,53.4,181.7,182.0,6.9,1101.1000000000001,870.3,58.0,53.77
197.9,95.5,152.3,181.2,8.3,1101.8,849.9,55.1,53.46
191.3,110.30000000000001,169.5,188.3,10.0,1104.1000000000001,838.7,57.2,48.99
227.0,7.9,118.3,185.2,9.700000000000001,1180.2,871.3,63.0,31.72
275.3,2.5,105.4,212.60000000000002,6.4,1040.8,949.3000000000001,53.0,39.64
242.0,-10.0,178.7,178.79999999999998,12.0,1149.8999999999999,862.5,64.7,51.26
227.79999999999998,13.0,113.7,189.79999999999998,7.5,1082.8,968.4,58.9,43.39
199.7,-0.1,148.4,181.5,0.2,1102.7,979.1999999999999,105.1,37.96
176.5,118.9,131.79999999999998,192.0,8.5,1102.2,824.5,103.8,55.02
203.8,151.60000000000002,123.1,199.5,4.3,1111.1,834.5999999999999,118.6,49.99
204.5,143.4,140.9,193.6,8.8,1099.6,833.4,103.5,53.66
183.7,47.800000000000004,179.1,182.60000000000002,6.6,1111.7,883.1,109.8,56.06
199.0,72.5,171.7,184.1,8.200000000000001,1102.7,834.3000000000001,119.7,56.81
194.60000000000002,15.5,135.5,184.29999999999998,9.700000000000001,1175.4,887.4,107.2,33.56
230.7,0.0,181.0,175.5,10.299999999999999,1139.6,853.8,116.0,52.96
223.0,19.2,105.9,190.29999999999998,8.2,1100.6,964.1999999999999,105.2,44.28
262.0,13.2,132.6,211.20000000000002,7.3,1147.3999999999999,842.3,109.5,40.15
463.6,36.5,94.5,177.9,12.5,1059.5,780.3,28.9,44.42
458.5,35.3,88.4,177.8,11.9,1053.2,795.6,25.7,51.02
491.2,33.5,82.6,180.3,12.299999999999999,1056.5,784.6,1.6,35.36
475.7,39.5,94.1,185.1,11.5,1065.5,787.6,7.4,25.02
479.9,27.8,92.1,179.3,12.2,1064.0,792.9,13.3,52.01
471.6,32.5,89.1,179.4,12.0,1065.3,787.6,4.7,38.02
470.2,38.4,76.6,183.4,11.7,1058.5,777.5,3.1,39.3
457.0,36.7,85.4,180.0,12.5,1070.4,791.8,49.0,56.14
470.9,21.2,79.7,177.0,12.5,1062.8,780.0,73.7,54.77
407.0,23.4,98.4,171.8,15.5,1022.5,926.7,33.2,46.68
423.9,30.0,101.0,177.8,14.9,1036.4,912.2,-5.699999999999999,22.75
426.9,24.2,100.1,176.6,15.1,1039.4,923.4,7.5,25.51
430.3,43.4,96.4,176.9,12.7,1036.3,925.3,6.6,34.77
423.9,24.3,107.7,175.0,14.5,1036.2,938.7,3.1,36.84
408.7,26.3,88.5,173.6,15.3,1036.9,906.6,67.7,56.34
371.3,33.6,107.2,162.7,12.9,1056.0,950.9,29.8,44.03
391.0,29.7,90.5,163.4,12.5,1076.1,938.1,32.8,55.45
522.7,32.5,130.9,226.3,4.7,976.6,780.2,30.8,55.55
500.4,27.1,122.7,220.3,4.3,930.6,775.4,32.9,57.92
522.7,36.4,134.1,225.4,5.6,974.9,782.6,13.9,25.61
527.5,42.9,129.0,227.4,4.9,986.7,787.8,15.3,33.49
519.5,38.0,130.1,227.7,4.3,981.0,773.6,57.8,59.59
517.0,26.9,121.9,217.7,4.3,920.0,776.2,17.3,29.55
510.5,49.1,124.2,214.4,4.6,911.9,783.7,21.1,37.92
503.8,21.0,129.8,220.1,3.9,928.6,772.0,51.5,61.86
460.3,15.8,141.2,194.5,9.5,922.4,830.6,25.7,62.05
448.7,38.3,156.4,199.0,8.3,978.5,834.1,3.8,32.01
449.5,31.8,138.9,185.4,9.9,928.6,818.6,42.0,72.1
470.1,24.9,143.8,195.0,9.0,919.9,814.9,10.4,39.0
459.1,20.1,127.4,186.3,9.8,936.4,828.7,4.0,32.11
455.8,50.3,128.9,188.4,8.9,927.1,834.4,60.4,74.36
231.4,19.8,144.2,222.9,2.5,1036.6,866.1,31.2,21.97
245.8,23.5,138.7,226.3,3.8,1049.7,882.3,6.6,9.85
247.9,21.6,156.0,227.2,2.1,1039.7,875.4,5.0,15.07
239.7,22.6,143.8,226.3,2.5,1054.8,876.9,55.7,23.25
318.0,27.5,155.4,200.6,7.0,939.8,886.7,30.9,43.73
290.0,29.2,156.0,199.9,6.6,938.6,879.5,16.1,13.4
388.2,23.5,146.7,175.4,11.8,1039.9,871.4,15.5,25.12
385.6,24.2,149.7,175.6,10.9,1042.3,878.2,13.2,23.64
387.9,11.4,146.1,172.6,10.8,1051.2,876.4,13.8,35.75
396.8,19.9,149.9,171.2,11.6,1041.5,876.0,-4.6,38.61
358.3,29.2,149.6,167.3,11.3,1038.3,887.9,71.6,68.75
381.0,36.0,145.7,169.3,11.5,1035.3,873.0,67.5,66.78
319.8,13.1,8.7,209.2,0.8,1016.5,966.1999999999999,92.3,32.07
312.0,4.8,16.6,209.3,0.2,1006.1,974.5999999999999,3.6,11.65
406.1,-3.4,10.1,209.8,0.9,1028.7,868.1,8.7,19.2
430.0,-16.7,7.6,208.0,1.7,1030.4,861.8000000000001,94.9,48.85
423.8,17.9,6.3,206.7,0.0,1034.2,852.9,28.3,39.6
497.8,2.6,-1.1,209.9,0.4,1032.4,790.4000000000001,41.8,43.94
511.2,3.8,-1.2,209.7,0.6,1041.6000000000001,809.2,7.5,34.57
516.5,8.9,7.5,208.4,1.3,1028.9,794.1,96.1,54.32
508.0,-4.6,-3.4,208.6,-0.1,1042.7,776.0,0.10000000000000009,24.4
369.3,4.7,0.5,208.1,0.0,1015.6,912.2,6.0,15.62
283.8,25.6,13.7,209.3,-0.7,1007.5,1023.1,101.3,21.86
278.8,12.2,17.8,208.3,0.4,974.5999999999999,1026.7,11.8,10.22
304.8,10.9,-5.3,212.8,1.0,1011.9000000000001,967.0,8.0,14.6
282.0,-6.2,15.9,210.7,1.3,985.3,1039.9,20.5,18.75
363.0,27.6,4.1,208.1,0.8,1022.3000000000001,924.3000000000001,30.5,31.97
370.1,-4.8,5.4,209.5,0.3,1033.6000000000001,922.6,9.4,23.4
419.7,24.7,4.7,207.6,1.1,1046.0,873.1,16.1,27.74
287.7,-10.9,12.4,212.3,0.8,985.5999999999999,1024.3,15.8,8.2
176.60000000000002,258.4,-4.9,206.79999999999998,-0.5,1147.1999999999998,795.6999999999999,4.0,9.62
259.3,381.5,8.4,206.5,-0.1,1039.3,738.4,16.5,25.42
265.0,159.3,-0.6,201.39999999999998,1.5,1129.5,806.4,5.6,15.69
198.8,284.3,9.1,203.6,0.8,1109.0,788.9,39.7,27.94
230.0,302.8,15.4,203.0,-0.2,1091.3,782.5,29.9,32.63
288.3,170.9,5.5,205.0,1.1,1127.3999999999999,807.1999999999999,15.0,17.24
303.7,176.9,7.9,201.7,1.3,1106.5,785.3,21.2,19.77
271.1,355.5,8.1,202.39999999999998,0.4,1038.2,735.4,22.0,39.44
269.90000000000003,159.79999999999998,0.3,203.0,1.0,1143.7,821.0,33.5,25.75
420.0,7.0,15.2,204.2,-1.6,1146.1,816.3,42.3,33.08
387.4,2.8,16.5,205.29999999999998,1.2,1142.2,821.0999999999999,16.4,24.07
240.7,332.40000000000003,10.0,203.1,1.3,1065.9,771.5,25.0,21.82
186.20000000000002,250.5,5.9,205.29999999999998,0.0,1158.1999999999998,820.5999999999999,29.5,21.07
318.3,1.1,2.5,205.6,0.8,1177.6000000000001,843.6999999999999,18.3,14.84
273.2,167.5,1.4,203.39999999999998,0.4,1127.6999999999998,810.6999999999999,37.0,32.05
226.8,148.1,16.5,201.2,0.6,1156.5,839.3,11.9,11.96
411.2,3.0,14.6,201.29999999999998,0.4,1204.1999999999998,862.9,26.3,22.49
318.5,8.7,5.0,205.1,-0.2,1190.0,861.1999999999999,34.0,25.22
281.2,363.8,-4.7,202.79999999999998,1.8,1051.0,749.0,44.5,39.7
238.70000000000002,159.39999999999998,-12.8,200.2,0.4,1141.6,815.4,19.3,13.09
335.70000000000005,210.89999999999998,-1.5,205.2,0.7,1067.5,778.5,35.6,38.7
139.7,212.7,4.6,204.1,0.0,1167.1000000000001,836.3,8.5,7.51
268.7,-0.6,14.5,200.79999999999998,0.0,1206.8,875.5999999999999,23.9,17.58
346.0,22.0,1.3,206.39999999999998,0.9,1159.0,834.9,10.3,21.18
158.0,206.3,8.7,205.6,0.9,1184.5,822.4,27.0,18.2
228.5,145.29999999999998,13.9,204.1,1.2,1176.4,838.9,30.4,22.63
310.7,204.0,6.3,201.1,1.3,1105.7,786.6999999999999,18.4,21.86
228.0,282.0,4.5,200.79999999999998,0.5,1101.9,791.0,19.2,12.37
208.60000000000002,146.0,-3.0,203.2,0.4,1120.3999999999999,806.6999999999999,39.3,25.73
269.7,337.1,-2.3,200.2,1.1,1039.5,761.3,14.9,21.92
308.9,197.3,8.1,204.7,0.3,1086.1000000000001,793.5999999999999,29.3,33.04
421.09999999999997,10.6,4.2,200.79999999999998,1.2,1199.5,868.0,14.3,14.54
271.3,165.4,6.2,204.2,0.9,1134.5,804.8,21.9,26.91
375.2,-0.7,5.2,203.2,1.3,1180.2,832.5999999999999,39.4,31.9
276.8,-4.1,9.7,205.39999999999998,1.0,1216.8,860.8,4.8,10.34
270.9,4.2,0.4,201.79999999999998,0.0,1206.6999999999998,857.9,40.8,19.77
406.0,3.6,3.3,204.39999999999998,0.1,1148.6,812.8,28.7,37.44
289.5,12.3,17.7,200.89999999999998,1.1,1209.0,861.1999999999999,25.4,11.48
316.20000000000005,215.6,0.3,205.5,1.8,1065.7,768.4,9.9,24.44
230.0,137.2,3.6,203.6,-0.2,1175.7,858.5,31.9,17.6
372.7,2.5,1.7,216.2,0.6,1076.1,860.3,12.3,13.22
366.5,5.5,8.3,212.3,0.8,1075.3,872.8,3.3,20.97
369.2,4.7,12.1,216.2,-0.3,1067.2,858.2,19.9,27.04
253.2,0.9,2.2,212.8,0.9,1073.1,968.5,12.4,12.84
260.3,13.3,2.7,212.9,0.6,1078.0,959.4,36.8,18.42
275.4,0.6,3.7,212.8,-0.6,1061.7,962.6,97.7,21.95
277.5,3.2,8.9,210.7,1.6,1066.6,956.5,186.0,24.1
292.1,7.1,0.7,213.8,0.1,1066.9,967.9,377.2,25.08
304.2,-3.7,3.0,208.8,-0.1,1058.7,927.0,19.5,21.26
298.0,4.9,-9.8,207.6,0.9,1068.6,930.9,19.0,25.97
299.6,1.5,-3.5,209.0,1.0,1056.3,935.1,2.9,11.36
294.3,4.3,4.7,207.1,1.1,1066.0,936.8,88.6,31.25
304.1,7.2,11.2,208.1,0.4,1063.1,937.6,368.7,33.7
285.9,0.7,7.4,215.8,0.6,1068.5,936.5,6.3,9.31
281.6,5.8,-1.6,215.3,0.2,1054.6,929.3,90.6,26.94
293.4,19.3,-3.6,216.6,-0.1,1061.1,922.0,364.6,29.79
332.5,7.5,6.6,215.3,1.3,1079.8,882.1,182.5,34.49
331.3,17.9,-5.2,212.4,0.6,1064.1,884.0,10.2,12.54
257.9,10.8,12.3,213.4,0.5,1065.7,956.7,17.1,9.99
210.8,14.6,5.9,197.1,-0.6,1217.0,915.5,11.8,7.84
211.5,0.9,-4.9,196.9,0.5,1222.5,926.1,29.8,12.25
240.6,8.7,-0.8,198.3,0.1,1213.1,908.1,11.8,11.17
316.6,9.0,0.8,203.0,0.5,1181.5,884.2,4.1,14.2
312.3,2.4,0.5,196.5,0.5,1183.2,878.9,29.7,24.5
342.3,0.5,-4.2,199.9,0.4,1170.9,885.6,20.4,15.58
389.0,-5.4,-0.2,204.4,1.2,1137.5,833.1,18.2,26.06
382.3,21.0,1.0,203.7,0.9,1144.0,816.2,46.4,38.21
421.0,-0.8,0.9,209.4,1.3,1117.0,816.0,28.0,43.7
279.8,19.7,12.7,201.1,-0.2,1203.4,886.5,27.7,12.73
383.2,3.6,6.1,202.7,0.2,1153.4,836.0,8.4,20.28
242.4,305.5,-1.0,218.3,0.6,1062.6,711.1,7.5,19.54
281.09999999999997,180.10000000000002,3.3,220.9,0.4,1083.2,790.7,96.4,47.71
203.2,238.2,-0.2,207.3,0.6,1033.3,848.7,97.6,43.38
166.9,224.8,3.5,222.6,-0.1,1069.8,822.4,33.8,29.89
185.20000000000002,255.0,11.1,222.0,0.2,1071.4,763.5,7.1,6.9
132.9,195.9,7.1,222.3,-0.3,1053.3,859.9,107.3,33.19
202.5,121.8,20.2,226.1,0.1,1054.7,886.6,0.20000000000000018,4.9
132.5,168.1,7.9,208.2,1.0,969.7,1011.6,87.8,25.46
141.2,196.0,-0.4,221.2,0.5,1060.0,883.6,33.9,24.29
237.7,132.7,10.7,207.5,1.5,1060.1,894.2,7.0,11.41
151.0,193.5,12.4,221.5,0.3,1024.0,925.3,32.9,20.59
308.40000000000003,216.0,12.5,225.1,0.7,1070.1,699.8,25.9,25.89
145.3,190.4,-1.6,222.9,-0.1,1027.8,903.9,104.9,29.23
120.5,194.9,4.5,209.9,2.2,1013.6999999999999,974.6,98.6,31.02
189.1,242.1,12.8,210.7,0.5,1026.8,875.9000000000001,27.8,33.66
173.8,204.1,-5.4,207.5,1.1,1032.0,912.9000000000001,34.2,27.87
278.8,171.0,2.2,220.8,0.9,1089.5,775.2,0.7999999999999998,19.35
187.5,107.6,-3.7,210.3,0.3,1031.6,931.0,6.3,11.39
213.8,289.6,-0.6,210.4,-0.2,1025.0,788.5,12.2,12.79
217.2,298.0,-1.1,206.9,0.7,1034.3999999999999,805.9,26.8,39.32
179.0,123.2,13.5,210.8,0.3,987.4,1021.8000000000001,3.8,4.78
313.8,193.0,3.9,210.7,0.5,1031.4,795.1999999999999,9.0,16.11
332.1,219.1,-0.1,220.8,1.0,1069.7,709.4,14.4,43.38
266.2,153.7,-1.2,210.1,0.7,1063.6,827.4,12.9,20.42
227.3,143.9,6.4,218.5,0.9,1060.6,814.2,13.5,15.03
261.4,160.7,5.4,207.0,0.7,1064.2,825.0,11.1,13.57
227.7,133.7,14.1,221.9,-0.2,1066.7,891.3,105.0,32.53
190.70000000000002,262.0,8.7,220.2,1.5,1066.8,776.4,8.4,15.75
125.3,169.3,-3.8,210.1,1.3,972.2,1014.8,10.3,7.68
251.2,155.9,1.4,223.4,0.0,1079.6,828.9,27.7,33.0
103.2,162.9,12.4,209.8,0.9,980.2,1029.5,28.7,17.28
213.3,127.2,1.4,204.1,0.2,1040.5,936.8,28.1,24.28
154.3,221.8,16.6,209.8,0.2,1013.6999999999999,936.8000000000001,90.1,36.59
221.6,291.3,-1.6,209.1,0.6,1031.1,796.1,82.5,50.73
334.2,218.1,9.1,221.1,1.7,1067.0,710.3,0.5,14.14
273.8,148.8,-0.1,212.1,1.3,1065.5,817.6,99.5,47.78
133.4,173.8,2.2,218.3,1.0,1026.1000000000001,912.8,5.5,2.33
177.8,239.5,12.5,210.7,-0.1,1017.9,866.9000000000001,8.5,16.89
329.5,199.8,4.6,213.5,2.2,1033.6,791.9,8.9,23.52
156.2,119.0,10.7,208.8,1.2,1005.4,1014.2,34.5,17.96
264.1,166.2,8.5,211.2,-0.8,1072.9,831.0,24.4,32.88
129.8,188.6,10.3,212.2,0.9,1011.6999999999999,964.1999999999999,38.2,22.35
203.9,143.4,-0.3,222.1,0.3,1057.5,883.0,-1.3000000000000007,10.79
157.3,173.6,4.0,220.2,0.9,1038.1000000000001,928.3,17.9,7.72
231.0,323.40000000000003,8.2,220.1,0.9,1058.8,702.2,35.2,41.68
233.5,310.2,0.0,223.2,0.1,1062.9,709.4,-5.1,9.56
142.3,207.7,16.0,211.4,1.7,1018.3,904.5,8.1,6.88
308.3,195.2,0.4,208.5,0.8,1019.5,798.6999999999999,97.1,50.53
230.0,150.0,3.5,207.6,1.2,1063.4,879.4000000000001,4.2,17.17
231.6,144.4,-1.0,207.4,1.4,1063.3,883.2,32.2,30.44
157.0,187.20000000000002,-8.4,225.2,0.2,1046.2,887.4,-1.7999999999999998,3.32
181.0,111.1,17.0,210.0,0.1,980.9,1020.7,99.9,26.32
233.4,150.0,4.1,215.2,1.3,1059.9,878.2,98.9,43.25
205.7,123.4,2.6,211.3,1.5,1049.5,942.0999999999999,94.5,32.1
259.0,166.20000000000002,4.2,222.6,-0.2,1076.0,771.0,16.8,36.96
333.6,212.4,14.6,222.3,1.8,1061.3,718.1,94.2,54.6
189.0,92.3,-0.8,212.3,0.5,972.8,1014.4,10.5,8.37
175.4,226.6,9.8,219.6,1.0,1071.1,823.4,90.4,39.66
140.1,177.1,2.7,214.8,1.0,1011.0999999999999,961.1999999999999,2.5999999999999996,10.09
186.3,253.79999999999998,1.6,221.4,0.1,1089.9,759.2,89.4,43.57
219.7,320.8,9.1,220.1,0.1,1064.0,708.6,91.5,51.86
336.6,-4.3,11.8,210.8,-0.6,1116.4,902.2,6.9,11.85
349.8,25.0,2.1,212.5,-0.1,1116.4,901.3,36.7,27.83
317.5,3.5,0.5,208.0,-0.3,1095.1,908.4,98.5,35.76
331.0,3.2,-2.1,211.4,0.7,1108.2,898.7,125.8,38.7
347.0,16.8,12.6,208.6,1.4,1120.9,897.7,1.2,14.31
367.1,14.0,1.7,209.1,0.6,1118.6,894.1,12.8,17.44
353.1,29.4,-6.5,209.1,0.8,1128.8,913.2,36.6,31.74
354.0,5.9,14.6,211.8,1.1,1134.8,891.5,128.8,39.38
374.7,6.7,-3.4,207.8,1.0,1146.0,875.3,17.5,9.01
381.6,-5.3,10.5,210.6,0.4,1152.0,881.8,18.2,33.61
372.8,4.8,6.6,209.4,-0.2,1156.5,887.6,85.7,40.66
345.1,1.4,7.3,208.3,0.4,1147.1,879.2,122.1,40.86
271.6,3.8,1.7,201.5,0.7,1199.7,861.8,16.4,12.05
328.5,-7.6,7.8,201.6,0.1,1185.5,836.0,37.8,25.18
505.6,22.4,-5.3,206.6,0.8,1024.6,791.4,28.7,43.89
496.6,-4.7,9.2,212.1,0.5,1018.1,801.1,107.4,54.28
428.6,-17.0,15.5,203.6,1.0,1144.2,818.5,21.1,36.94
312.9,-2.7,11.2,204.5,0.2,1213.9,854.5,9.6,14.5
304.0,2.4,-7.6,205.7,0.1,1205.3,859.1,36.9,22.44
525.7,-2.4,-0.9,215.5,1.7,1225.4,689.7,2.7,12.64
518.2,17.5,4.2,216.1,0.6,1225.6,695.5,5.8,33.21
526.1,6.6,8.6,218.7,1.0,1221.6,693.6,26.1,36.94
551.7,8.0,4.8,187.2,0.0,1225.7,690.1,17.8,59.76
572.3,13.2,2.3,189.9,0.4,1221.2,670.5,33.9,67.31
558.1,10.3,9.3,189.2,1.0,1216.3,689.0,102.0,69.66
570.4,16.4,13.0,191.8,1.6,1232.1,697.8,179.6,71.62
553.2,-2.0,4.0,190.2,0.2,1228.0,683.8,275.8,74.17
371.8,2.9,10.2,225.4,0.2,1091.8,867.1,9.0,18.13
376.8,13.7,-11.2,223.1,0.6,1064.8,859.0,11.2,22.53
360.6,-14.6,-0.6,219.3,-0.3,1059.9,864.6,101.2,31.35
414.1,-4.4,3.4,203.3,0.6,1073.6,854.6,8.9,6.27
409.0,12.2,2.3,203.4,0.6,1062.4,823.3,9.3,14.7
394.7,3.5,7.6,211.2,1.1,1073.7,848.1,12.1,23.22
399.3,16.0,12.0,200.9,1.5,1078.8,842.3,27.3,27.92
419.3,14.9,8.7,204.6,1.0,1052.5,849.9,16.6,31.35
368.3,-2.8,1.4,205.7,1.1,1068.5,910.3,182.8,39.0
357.6,11.4,-4.4,210.1,0.7,1062.1,897.7,355.6,41.24
381.2,18.4,9.0,214.2,0.4,1143.0,875.3,9.1,14.99
361.3,9.1,-6.4,209.3,-0.6,1069.6,894.3,15.1,13.52
413.4,-0.9,9.7,206.5,0.1,1129.1,817.7,6.3,24.0
423.4,15.5,4.2,204.0,0.8,1209.0,853.8,21.0,11.47
293.2,13.4,-2.1,203.2,-0.4,1211.1,843.6,34.9,22.44
374.0,12.6,7.3,202.6,0.8,1158.6,826.3,37.4,31.84
318.9,14.1,5.4,201.9,0.4,1175.9,849.0,16.6,14.8
320.6,-18.7,5.2,201.8,0.0,1171.6,839.8,35.0,25.18
320.8,15.6,4.9,207.3,0.4,1181.7,850.8,26.8,21.65
320.0,23.7,8.2,213.4,1.1,1173.9,836.0,90.1,29.39
346.1,11.6,11.4,209.3,1.2,972.5,913.4,7.4,13.52
360.9,9.5,8.7,210.8,-0.5,1091.7,894.0,8.7,16.26
376.4,13.9,12.0,208.3,0.5,1072.1,900.7,98.1,37.23
376.3,10.8,5.2,212.5,1.2,1148.6,884.1,-2.4000000000000004,18.13
376.9,13.5,15.9,209.6,0.5,1142.0,875.5,34.7,32.72
369.7,7.8,9.1,209.9,0.7,1135.6,877.4,94.0,39.49
375.7,1.0,1.9,206.2,-0.3,1149.5,885.3,183.1,41.05
381.8,-1.1,-1.6,211.0,0.3,1157.0,879.5,364.0,42.13
326.1,-1.0,6.8,225.0,1.7,1079.5,889.7,171.0,26.74
523.2,-4.3,-3.0,216.3,0.2,1234.7,686.9,98.9,47.22
532.2,-1.7,-0.8,217.2,-0.2,1223.3,691.8,184.8,51.04
518.3,23.3,7.0,215.7,0.7,1222.2,683.5,289.7,55.16
282.6,14.4,1.5,203.4,1.1,1212.3,874.8,37.0,19.69
375.5,2.3,-0.6,203.3,1.3,1155.4,816.0,33.9,31.65
435.2,4.3,5.2,211.6,0.3,1033.4,835.6,0.8999999999999999,19.11
420.0,8.8,5.9,211.3,0.8,1024.8,834.1,27.1,39.58
424.2,2.0,4.1,201.4,1.0,1152.1,813.4,5.8,24.0
290.8,8.4,3.0,204.6,1.0,1208.6,849.9,23.5,11.47
269.5,14.6,11.0,202.4,0.3,1195.7,866.3,27.5,19.69
325.2,7.5,7.7,207.8,1.7,1053.0,913.8,2.2,14.99
334.7,10.7,4.0,209.9,0.2,1081.0,931.6,190.3,37.33
348.7,15.6,21.4,218.3,1.1,1075.5,926.5,370.0,38.11
552.2,5.4,6.7,212.1,0.6,1225.2,685.9,11.0,42.42
546.6,10.3,12.8,207.4,0.3,1210.8,679.9,24.4,48.4
569.2,5.0,1.8,210.9,0.2,1220.1,684.5,34.3,55.94
555.9,7.5,-3.3,207.0,0.3,1214.1,671.2,86.7,58.78
528.6,4.9,0.3,207.0,0.4,1219.3,695.3,287.6,67.11
353.3,3.1,3.7,217.0,0.0,1069.5,878.4,4.9,20.77
430.4,9.3,2.3,201.1,1.0,1131.5,815.5,30.5,39.09
510.3,12.8,14.1,208.5,0.2,1022.3,788.6,16.6,24.39
554.6,9.1,4.7,164.4,0.3,998.9,968.5,23.8,50.51
300.2,117.2,90.4,228.2,9.9,1003.1,762.1,26.9,37.17
176.1,191.3,153.2,195.9,19.6,939.4,820.2,32.5,33.76
171.1,112.1,91.7,218.9,8.8,966.0,915.2,26.5,19.99
170.0,189.5,144.7,185.8,18.1,1049.8,775.8,41.8,36.35
328.2,156.8,127.5,183.2,22.5,1024.1,731.1,34.3,33.69
158.7,8.2,175.5,174.8,18.3,1047.4,922.4,30.4,15.42
406.7,19.7,10.4,207.3,8.1,1113.7,818.7,36.0,39.05
188.0,164.8,114.8,190.5,15.2,1047.0,793.4,23.0,27.68
176.2,270.4,2.5,217.4,6.1,1089.1,756.1,24.8,26.86
331.1,149.0,5.5,184.4,10.0,1015.8,881.4,34.3,45.3
332.7,-1.0,107.6,216.8,10.9,1053.9,782.0,40.6,30.12
181.2,168.2,145.0,191.6,11.9,995.7,860.3,31.1,44.61
305.0,139.8,112.1,218.7,5.6,971.3,739.5,34.7,53.52
352.9,176.0,0.0,209.1,6.0,969.4,854.5,26.2,57.21
388.2,175.7,9.6,210.3,8.1,923.4,830.2,43.5,65.91
288.2,148.4,103.1,186.4,8.6,910.7,899.8,37.8,52.82
172.6,5.7,157.0,199.3,12.2,1114.2,801.7,40.8,18.03
174.4,248.6,4.7,196.2,12.5,1103.7,780.1,42.9,37.36
190.2,186.2,138.9,220.8,12.2,928.3,780.4,31.1,32.84
330.0,6.8,115.7,203.0,6.6,977.6,887.9,30.4,42.64
336.1,7.9,135.2,228.5,6.9,964.0,811.5,20.0,40.06
325.6,127.7,105.4,204.0,10.9,995.5,788.4,29.8,41.94
398.8,10.8,159.1,209.9,11.9,889.9,856.2,36.7,40.87
164.1,209.6,158.7,195.9,4.9,961.7,814.8,39.3,33.3
343.7,148.9,8.8,206.5,9.4,1051.4,774.6,34.3,52.42
203.7,12.6,208.1,199.9,13.1,937.8,925.2,31.9,15.09
349.8,8.6,115.8,188.9,11.2,1025.1,852.0,38.7,38.46
358.0,9.5,136.0,199.5,12.0,971.0,851.8,35.1,37.26
161.1,181.1,136.7,254.3,7.2,972.6,736.9,28.7,35.23
296.3,-1.3,104.6,229.3,12.6,974.4,817.5,31.7,31.87
315.1,111.2,93.0,214.8,5.8,930.9,879.6,34.3,41.54
171.1,268.9,-0.5,186.2,12.6,1155.7,775.8,25.8,39.45
193.6,254.7,1.3,203.6,14.8,950.7,905.8,15.5,37.91
328.8,112.2,84.0,200.9,10.2,966.9,845.9,37.3,44.28
353.4,15.0,118.4,210.6,10.7,930.8,888.8,26.5,31.18
186.9,148.9,113.1,212.1,6.0,991.5,859.9,38.2,23.69
171.2,195.7,9.0,194.0,11.7,1094.5,870.1,36.7,32.76
270.3,107.0,83.5,220.0,9.1,963.5,836.3,31.8,32.4
259.4,100.1,66.5,267.5,5.8,958.0,762.9,43.9,28.63
194.3,190.0,11.0,209.2,10.0,1147.9,776.4,36.8,18.28
170.3,249.7,4.7,216.7,3.7,922.5,950.8,30.4,33.06
315.6,4.3,115.6,241.5,11.2,914.3,849.8,42.6,31.42
163.0,216.3,11.7,212.0,3.9,1044.4,871.9,25.9,31.03
352.3,168.6,14.6,194.7,8.3,969.3,894.7,17.0,44.39
164.8,8.0,130.1,202.6,9.7,1089.4,898.2,30.4,12.18
168.3,172.5,118.0,194.7,8.6,1099.0,767.6,38.4,25.56
159.7,139.8,110.5,214.7,8.6,1013.8,831.8,35.3,36.44
188.4,255.8,-1.5,194.2,13.1,946.3,976.2,30.9,32.96
330.4,-6.8,132.3,228.5,11.0,987.3,823.1,36.9,23.84
203.2,154.1,110.8,197.4,9.7,957.0,901.6,27.8,26.23
185.7,-6.2,130.8,175.1,16.8,1107.6,912.1,25.2,17.95
353.6,15.2,148.8,215.7,12.3,894.9,878.1,29.1,40.68
194.2,142.1,2.1,195.7,7.6,1094.6,898.6,28.0,19.01
181.1,10.3,195.5,187.4,17.1,1170.0,762.6,26.2,13.46
169.6,123.3,100.1,203.1,7.7,1039.6,867.5,31.6,23.52
295.0,98.5,72.9,186.8,11.1,1028.2,840.4,40.3,49.77
333.6,154.5,-12.1,202.1,11.2,1013.1,859.4,30.6,52.44
169.9,3.3,132.4,198.4,10.3,1071.5,875.1,26.9,13.2
191.8,260.1,5.6,189.7,12.4,1176.3,746.0,29.3,37.43
170.9,175.2,130.6,212.0,8.2,904.8,872.9,31.2,29.87
350.5,185.9,1.2,212.4,8.7,906.9,888.6,36.0,56.61
178.1,190.3,-4.0,215.8,8.5,969.5,947.6,37.4,23.79
173.6,15.5,172.6,200.0,10.0,1067.9,876.2,43.5,13.29
288.2,103.6,93.0,195.7,11.2,996.7,828.8,29.1,39.42
337.9,149.2,115.3,200.5,8.7,969.4,765.0,35.7,46.23
335.6,161.2,14.5,147.0,8.0,1106.5,920.7,31.4,44.52
175.9,179.3,15.1,197.5,3.5,1094.1,890.2,26.4,23.74
167.9,143.0,115.1,198.0,8.3,1039.6,860.2,32.6,26.14
159.2,4.0,175.8,198.0,14.5,949.6,953.1,18.9,15.52
295.6,134.9,89.3,209.0,7.5,1035.8,747.7,30.2,43.57
316.2,10.4,115.1,182.4,13.5,1045.9,857.7,32.0,35.86
353.9,153.2,1.4,194.3,8.7,1095.0,755.8,30.9,41.05
191.4,197.5,145.3,209.3,9.9,979.2,759.7,28.0,28.99
323.1,147.0,11.3,213.9,7.8,1004.7,835.0,35.5,46.24
170.6,184.7,8.8,186.2,3.0,1104.6,913.3,29.3,26.92
164.4,21.4,192.9,214.6,8.3,930.8,946.6,27.3,10.54
335.6,7.2,2.7,194.3,9.4,1094.9,887.8,32.5,25.1
152.9,172.2,140.3,190.8,10.1,1030.0,852.8,30.5,29.07
209.1,2.1,144.9,210.6,9.9,978.6,948.8,38.3,9.74
259.4,108.1,92.1,209.9,7.6,1008.6,832.7,35.4,33.8
195.8,228.8,178.1,234.5,11.3,913.8,718.9,39.4,39.84
150.5,198.1,97.9,215.5,7.1,940.2,880.9,27.3,26.97
190.8,160.8,122.9,214.2,7.3,1060.7,719.8,29.3,27.23
179.6,230.6,167.5,217.1,10.6,924.5,750.8,31.6,30.65
172.6,220.5,155.8,220.5,9.3,921.4,790.1,34.9,33.05
151.0,113.6,204.0,211.2,7.4,1057.4,702.6,42.6,21.91
205.3,216.4,165.7,217.2,8.1,946.1,748.7,17.7,30.88
170.5,23.5,197.7,193.8,6.8,1113.4,783.2,26.6,15.34
173.9,189.3,197.4,246.1,8.1,954.5,699.7,36.9,24.34
200.7,187.4,199.0,199.9,7.2,992.2,713.7,33.9,23.89
212.0,84.8,191.7,229.2,7.0,1019.7,694.2,21.1,22.93
191.5,186.5,196.2,239.7,7.7,949.0,692.4,24.5,29.41
322.1,-6.4,115.3,199.1,7.6,1089.7,755.4000000000001,25.4,36.8
185.9,179.1,9.7,212.20000000000002,9.9,1144.0,789.0,29.3,18.29
181.9,254.8,1.6,220.6,4.5,930.6,947.3,29.5,32.72
143.6,224.7,4.0,210.5,4.4,1045.2,878.1999999999999,36.4,28.94
345.90000000000003,152.7,6.4,195.3,8.9,951.5,896.2,41.6,40.93
197.3,18.7,114.9,203.70000000000002,9.1,1087.6,896.8,34.3,12.18
180.9,143.6,118.4,199.0,7.6,1093.5,765.3000000000001,32.6,25.56
176.4,137.6,114.0,220.3,7.800000000000001,1013.6,846.3,29.7,36.44
184.5,249.3,8.1,194.20000000000002,13.1,951.5,958.1,28.2,32.96
173.6,160.6,121.6,199.2,8.4,958.9000000000001,898.0,31.6,26.23
176.4,12.3,138.0,182.4,16.700000000000003,1097.8,903.3000000000001,30.3,17.96
338.0,-14.7,148.9,215.9,11.100000000000001,898.6,859.8,40.1,38.63
175.89999999999998,143.89999999999998,9.8,194.6,9.1,1085.8,898.5,41.7,19.01
189.1,12.0,206.8,241.1,11.0,997.6,797.1,25.9,8.54
186.2,4.6,186.10000000000002,185.29999999999998,16.3,1169.4,749.4,19.8,13.46
300.8,30.2,93.89999999999999,217.1,11.299999999999999,1021.0,839.4000000000001,26.9,32.25
184.5,133.6,101.2,201.9,7.8,1040.1,861.3,20.3,23.52
276.29999999999995,113.3,79.9,187.29999999999998,10.5,1032.5,844.6999999999999,38.1,49.77
339.79999999999995,158.4,4.0,193.5,11.1,1020.2,832.6,37.6,52.45
312.1,127.2,17.9,184.8,7.7,1071.4,851.9000000000001,37.5,40.93
383.8,9.9,18.0,202.70000000000002,3.1999999999999997,1073.8,890.5,37.3,44.87
175.7,254.5,13.5,188.9,13.0,1163.8,768.9,36.7,37.43
166.39999999999998,185.79999999999998,144.1,210.79999999999998,9.1,914.8000000000001,875.0,40.7,29.87
358.7,186.5,-1.1,211.8,8.7,917.5,871.0999999999999,33.7,56.62
173.10000000000002,-0.4,151.60000000000002,210.70000000000002,9.7,1156.3000000000002,775.7,35.0,12.46
184.8,203.6,3.1,213.0,10.0,976.1,945.1,31.2,23.79
158.79999999999998,-4.4,164.29999999999998,200.1,10.6,1066.5,876.6,37.2,13.29
275.4,115.3,89.7,196.8,10.6,996.0,821.7,17.7,39.42
341.3,156.9,119.4,193.0,7.8,970.2,766.2,37.2,46.23
337.3,151.2,1.9,148.8,8.8,1109.3,902.5,37.4,44.52
156.5,171.5,1.9,202.8,3.1,1082.7,897.6999999999999,43.7,23.74
171.0,136.8,116.8,196.4,8.8,1049.4,842.8,24.0,26.15
320.5,110.89999999999999,97.4,208.79999999999998,7.1,1054.2,748.6,33.7,43.58
331.5,12.5,114.5,185.6,12.9,1055.2,859.5,31.4,35.87
189.5,202.8,149.39999999999998,214.0,9.2,989.8000000000001,770.6,23.2,28.99
302.9,140.6,1.1,213.0,5.3,1019.0,845.9,40.3,46.25
178.3,4.2,175.5,219.2,8.0,919.4,945.8000000000001,35.3,10.54
342.2,-5.2,7.5,195.79999999999998,8.5,1108.7,896.6,37.2,25.1
169.9,177.4,128.0,192.29999999999998,9.6,1022.8000000000001,839.6,21.2,29.07
187.20000000000002,27.3,135.3,213.70000000000002,8.299999999999999,964.7,949.3000000000001,25.8,9.74
269.0,90.7,79.9,203.29999999999998,6.7,1016.4,828.0999999999999,29.4,33.8
300.3,103.5,80.2,228.79999999999998,10.2,1024.4,762.5,29.6,37.17
173.6,146.0,122.3,240.1,10.0,1002.0,720.4,19.5,16.5
173.9,117.39999999999999,98.1,216.8,9.4,967.5,916.0,27.7,19.99
170.3,187.9,147.39999999999998,185.6,19.8,1037.2,771.2,31.5,36.35
351.59999999999997,164.8,112.4,182.10000000000002,21.900000000000002,1015.1999999999999,733.0,30.2,38.22
322.5,156.6,10.2,231.9,6.6000000000000005,999.1,811.2,34.4,33.42
392.8,12.4,7.5,203.89999999999998,6.9,1099.9,818.8,30.4,39.06
187.29999999999998,150.3,118.8,191.79999999999998,16.2,1038.3999999999999,785.9000000000001,24.2,27.68
169.29999999999998,236.6,2.5,216.8,7.2,1092.2,769.5,32.0,26.86
333.5,143.5,11.2,184.5,11.0,1010.6999999999999,883.5,34.9,45.3
324.0,21.4,102.0,217.2,11.9,1043.5,790.9000000000001,30.2,30.12
193.60000000000002,7.2,191.3,185.9,13.2,1093.5,836.7,33.5,15.57
178.10000000000002,170.4,141.79999999999998,190.8,11.5,984.4,854.5999999999999,50.8,44.61
348.6,170.39999999999998,17.8,206.6,5.1,969.5,853.4,42.6,57.22
389.8,202.1,16.2,208.9,6.3999999999999995,923.1999999999999,826.9,30.4,65.91
317.6,125.10000000000001,111.7,188.3,9.1,912.0,879.1,26.3,52.83
284.3,117.39999999999999,71.3,214.0,8.9,930.2,910.1999999999999,33.4,33.4
197.7,9.2,151.4,204.0,11.6,1120.8,824.3,31.7,18.03
187.89999999999998,193.9,148.3,223.6,12.3,931.9000000000001,785.5,31.0,35.31
328.2,11.7,142.6,228.6,5.9,958.7,821.6,37.6,40.06
314.1,130.2,94.80000000000001,205.4,9.5,1014.5,774.6,33.0,43.8
348.0,171.1,7.9,191.3,8.6,983.6,874.9,36.3,61.24
166.7,212.0,167.0,200.8,7.4,964.5,817.2,33.5,33.31
361.0,148.7,-0.6,202.70000000000002,9.6,1051.7,776.8,49.4,52.43
185.2,13.6,208.0,202.7,12.799999999999999,959.0,933.8,22.6,15.09
346.6,3.1,120.6,185.6,10.799999999999999,1013.6999999999999,853.3,42.0,38.46
367.5,-0.7,125.30000000000001,200.0,12.9,964.5,846.5,17.8,37.27
160.6,173.1,141.0,251.2,5.8999999999999995,963.1,742.6,38.2,35.23
333.9,140.5,-8.0,195.9,8.8,999.9,904.1,25.9,42.14
317.2,7.3,108.6,225.1,11.1,969.3000000000001,828.3000000000001,33.7,31.88
188.0,252.4,11.7,190.1,12.7,1151.1,769.9000000000001,44.0,39.46
350.0,11.3,113.39999999999999,215.0,10.0,911.5,882.9,35.0,31.18
176.6,164.3,116.3,212.0,5.199999999999999,994.3,844.3,38.1,23.7
178.29999999999998,181.7,-2.9,194.29999999999998,12.5,1083.2,880.5,40.2,32.77
282.59999999999997,111.6,83.2,216.4,9.299999999999999,951.9,844.4,32.4,32.4
